Time,A,B
132012,3495345.12312,12312452.21321